Workbook
Name Slicer_Status: #N/A

Sheet Pricelist
A1: Item | B1: Selling price | C1: Buying Price | D1: Opening Stock | E1: Current Stock
A2: Jollof rice | B2: 1300 | C2: 800 | D2: 500 | E2: =Table2[[#This Row],[Opening Stock]] - SUMIF('Raw Table'!B:B, Table2[[#This Row],[Item]], 'Raw Table'!D:D) -> 382
A3: Zobo | B3: 500 | C3: 300 | D3: 500 | E3: =Table2[[#This Row],[Opening Stock]] - SUMIF('Raw Table'!B:B, Table2[[#This Row],[Item]], 'Raw Table'!D:D) -> 287
A4: fan | B4: 5000 | C4: 4000 | D4: 500 | E4: =Table2[[#This Row],[Opening Stock]] - SUMIF('Raw Table'!B:B, Table2[[#This Row],[Item]], 'Raw Table'!D:D) -> 491
A5: pepsi | B5: 400 | C5: 300 | D5: 600 | E5: =Table2[[#This Row],[Opening Stock]] - SUMIF('Raw Table'!B:B, Table2[[#This Row],[Item]], 'Raw Table'!D:D) -> 330
A6: chapman | B6: 700 | C6: 600 | D6: 500 | E6: =Table2[[#This Row],[Opening Stock]] - SUMIF('Raw Table'!B:B, Table2[[#This Row],[Item]], 'Raw Table'!D:D) -> 445
A7: Egunsi | B7: 2500 | C7: 2000 | D7: 500 | E7: =Table2[[#This Row],[Opening Stock]] - SUMIF('Raw Table'!B:B, Table2[[#This Row],[Item]], 'Raw Table'!D:D) -> 341
A8: coke | B8: 600 | C8: 500 | D8: 500 | E8: =Table2[[#This Row],[Opening Stock]] - SUMIF('Raw Table'!B:B, Table2[[#This Row],[Item]], 'Raw Table'!D:D) -> 495
A9: fried chicken | B9: 2000 | C9: 1800 | D9: 500 | E9: =Table2[[#This Row],[Opening Stock]] - SUMIF('Raw Table'!B:B, Table2[[#This Row],[Item]], 'Raw Table'!D:D) -> 391
A10: TV | B10: 30000 | C10: 25000 | D10: 500 | E10: =Table2[[#This Row],[Opening Stock]] - SUMIF('Raw Table'!B:B, Table2[[#This Row],[Item]], 'Raw Table'!D:D) -> 450
A11: charger | B11: 1700 | C11: 1500 | D11: 500 | E11: =Table2[[#This Row],[Opening Stock]] - SUMIF('Raw Table'!B:B, Table2[[#This Row],[Item]], 'Raw Table'!D:D) -> 485
A12: glass | B12: 100 | C12: 70 | D12: 500 | E12: =Table2[[#This Row],[Opening Stock]] - SUMIF('Raw Table'!B:B, Table2[[#This Row],[Item]], 'Raw Table'!D:D) -> 500
A13: milo | B13: 300 | C13: 250 | D13: 500 | E13: =Table2[[#This Row],[Opening Stock]] - SUMIF('Raw Table'!B:B, Table2[[#This Row],[Item]], 'Raw Table'!D:D) -> 350
... A20: pen | B20: 70 | C20: 50 | D20: 500 | E20: =Table2[[#This Row],[Opening Stock]] - SUMIF('Raw Table'!B:B, Table2[[#This Row],[Item]], 'Raw Table'!D:D) -> 500

Sheet Raw Table
A1: Date | B1: Item | C1: Category | D1: Qty Sold | E1: Selling Price | F1: Total Rev | G1: Status | H1: Buying Price | I1: Total Profit | J1: Stock Remaining
A2: 46029 | B2: Jollof rice | C2: food | D2: 40 | E2: =_xlfn.XLOOKUP(B2,Pricelist!$A$2:$A$100,Pricelist!$B$2:$B$100,0) -> 1300 | F2: =D2*E2 -> 52000 | G2: =IF(F2<20000,"Low","Good") -> Good | H2: =_xlfn.XLOOKUP(B2,Pricelist!$A$2:$A$21,Pricelist!$C$2:$C$21, 0) -> 800 | I2: =(E2-H2)*D2 -> 20000 | J2: =100-D2 -> 60
A3: 46029 | B3: pepsi | C3: drink | D3: 25 | E3: =_xlfn.XLOOKUP(B3,Pricelist!$A$2:$A$100,Pricelist!$B$2:$B$100,0) -> 400 | F3: =D3*E3 -> 10000 | G3: =IF(F3<20000,"Low","Good") -> Low | H3: =_xlfn.XLOOKUP(B3,Pricelist!$A$2:$A$21,Pricelist!$C$2:$C$21, 0) -> 300 | I3: =(E3-H3)*D3 -> 2500 | J3: =100-D3 -> 75
A4: 46060 | B4: fried chicken | C4: food | D4: 30 | E4: =_xlfn.XLOOKUP(B4,Pricelist!$A$2:$A$100,Pricelist!$B$2:$B$100,0) -> 2000 | F4: =D4*E4 -> 60000 | G4: =IF(F4<20000,"Low","Good") -> Good | H4: =_xlfn.XLOOKUP(B4,Pricelist!$A$2:$A$21,Pricelist!$C$2:$C$21, 0) -> 1800 | I4: =(E4-H4)*D4 -> 6000 | J4: =100-D4 -> 70
A5: 46060 | B5: chapman | C5: drink | D5: 20 | E5: =_xlfn.XLOOKUP(B5,Pricelist!$A$2:$A$100,Pricelist!$B$2:$B$100,0) -> 700 | F5: =D5*E5 -> 14000 | G5: =IF(F5<20000,"Low","Good") -> Low | H5: =_xlfn.XLOOKUP(B5,Pricelist!$A$2:$A$21,Pricelist!$C$2:$C$21, 0) -> 600 | I5: =(E5-H5)*D5 -> 2000 | J5: =100-D5 -> 80
A6: 46088 | B6: Jollof rice | C6: food | D6: 55 | E6: =_xlfn.XLOOKUP(B6,Pricelist!$A$2:$A$100,Pricelist!$B$2:$B$100,0) -> 1300 | F6: =D6*E6 -> 71500 | G6: =IF(F6<20000,"Low","Good") -> Good | H6: =_xlfn.XLOOKUP(B6,Pricelist!$A$2:$A$21,Pricelist!$C$2:$C$21, 0) -> 800 | I6: =(E6-H6)*D6 -> 27500 | J6: =100-D6 -> 45
A7: 46088 | B7: Zobo | C7: drink | D7: 35 | E7: =_xlfn.XLOOKUP(B7,Pricelist!$A$2:$A$100,Pricelist!$B$2:$B$100,0) -> 500 | F7: =D7*E7 -> 17500 | G7: =IF(F7<20000,"Low","Good") -> Low | H7: =_xlfn.XLOOKUP(B7,Pricelist!$A$2:$A$21,Pricelist!$C$2:$C$21, 0) -> 300 | I7: =(E7-H7)*D7 -> 7000 | J7: =100-D7 -> 65
A8: 46119 | B8: Egunsi | C8: food | D8: 22 | E8: =_xlfn.XLOOKUP(B8,Pricelist!$A$2:$A$100,Pricelist!$B$2:$B$100,0) -> 2500 | F8: =D8*E8 -> 55000 | G8: =IF(F8<20000,"Low","Good") -> Good | H8: =_xlfn.XLOOKUP(B8,Pricelist!$A$2:$A$21,Pricelist!$C$2:$C$21, 0) -> 2000 | I8: =(E8-H8)*D8 -> 11000 | J8: =100-D8 -> 78
A9: 46119 | B9: pepsi | C9: drink | D9: 40 | E9: =_xlfn.XLOOKUP(B9,Pricelist!$A$2:$A$100,Pricelist!$B$2:$B$100,0) -> 400 | F9: =D9*E9 -> 16000 | G9: =IF(F9<20000,"Low","Good") -> Low | H9: =_xlfn.XLOOKUP(B9,Pricelist!$A$2:$A$21,Pricelist!$C$2:$C$21, 0) -> 300 | I9: =(E9-H9)*D9 -> 4000 | J9: =100-D9 -> 60
A10: 46149 | B10: fried chicken | C10: food | D10: 45 | E10: =_xlfn.XLOOKUP(B10,Pricelist!$A$2:$A$100,Pricelist!$B$2:$B$100,0) -> 2000 | F10: =D10*E10 -> 90000 | G10: =IF(F10<20000,"Low","Good") -> Good | H10: =_xlfn.XLOOKUP(B10,Pricelist!$A$2:$A$21,Pricelist!$C$2:$C$21, 0) -> 1800 | I10: =(E10-H10)*D10 -> 9000 | J10: =100-D10 -> 55
A11: 46149 | B11: chapman | C11: drink | D11: 28 | E11: =_xlfn.XLOOKUP(B11,Pricelist!$A$2:$A$100,Pricelist!$B$2:$B$100,0) -> 700 | F11: =D11*E11 -> 19600 | G11: =IF(F11<20000,"Low","Good") -> Low | H11: =_xlfn.XLOOKUP(B11,Pricelist!$A$2:$A$21,Pricelist!$C$2:$C$21, 0) -> 600 | I11: =(E11-H11)*D11 -> 2800 | J11: =100-D11 -> 72
A12: 46180 | B12: pepsi | C12: drink | D12: 100 | E12: =_xlfn.XLOOKUP(B12,Pricelist!$A$2:$A$100,Pricelist!$B$2:$B$100,0) -> 400 | F12: =D12*E12 -> 40000 | G12: =IF(F12<20000,"Low","Good") -> Good | H12: =_xlfn.XLOOKUP(B12,Pricelist!$A$2:$A$21,Pricelist!$C$2:$C$21, 0) -> 300 | I12: =(E12-H12)*D12 -> 10000 | J12: =100-D12 -> 0
A13: 46180 | B13: Egunsi | C13: food | D13: 50 | E13: =_xlfn.XLOOKUP(B13,Pricelist!$A$2:$A$100,Pricelist!$B$2:$B$100,0) -> 2500 | F13: =D13*E13 -> 125000 | G13: =IF(F13<20000,"Low","Good") -> Good | H13: =_xlfn.XLOOKUP(B13,Pricelist!$A$2:$A$21,Pricelist!$C$2:$C$21, 0) -> 2000 | I13: =(E13-H13)*D13 -> 25000 | J13: =100-D13 -> 50
... A25: 46363 | B25: fried chicken | C25: food | D25: 34 | E25: =_xlfn.XLOOKUP(B25,Pricelist!$A$2:$A$100,Pricelist!$B$2:$B$100,0) -> 2000 | F25: =D25*E25 -> 68000 | G25: =IF(F25<20000,"Low","Good") -> Good | H25: =_xlfn.XLOOKUP(B25,Pricelist!$A$2:$A$21,Pricelist!$C$2:$C$21, 0) -> 1800 | I25: =(E25-H25)*D25 -> 6800 | J25: =100-D25 -> 66
A26: 13/7/2026 | B26: Jollof rice | C26: food | D26: 23 | E26: =_xlfn.XLOOKUP(B26,Pricelist!$A$2:$A$100,Pricelist!$B$2:$B$100,0) -> 1300 | F26: =D26*E26 -> 29900 | G26: =IF(F26<20000,"Low","Good") -> Good | H26: =_xlfn.XLOOKUP(B26,Pricelist!$A$2:$A$21,Pricelist!$C$2:$C$21, 0) -> 800 | I26: =(E26-H26)*D26 -> 11500 | J26: =100-D26 -> 77
A27: 14/7/2026 | B27: Zobo | C27: drink | D27: 89 | E27: =_xlfn.XLOOKUP(B27,Pricelist!$A$2:$A$100,Pricelist!$B$2:$B$100,0) -> 500 | F27: =D27*E27 -> 44500 | G27: =IF(F27<20000,"Low","Good") -> Good | H27: =_xlfn.XLOOKUP(B27,Pricelist!$A$2:$A$21,Pricelist!$C$2:$C$21, 0) -> 300 | I27: =(E27-H27)*D27 -> 17800 | J27: =100-D27 -> 11
A28: 15/7/2026 | B28: TV | C28: electronics | D28: 45 | E28: =_xlfn.XLOOKUP(B28,Pricelist!$A$2:$A$100,Pricelist!$B$2:$B$100,0) -> 30000 | F28: =D28*E28 -> 1350000 | G28: =IF(F28<20000,"Low","Good") -> Good | H28: =_xlfn.XLOOKUP(B28,Pricelist!$A$2:$A$21,Pricelist!$C$2:$C$21, 0) -> 25000 | I28: =(E28-H28)*D28 -> 225000 | J28: =100-D28 -> 55
A29: 15/7/2026 | B29: Egunsi | C29: food | D29: 56 | E29: =_xlfn.XLOOKUP(B29,Pricelist!$A$2:$A$100,Pricelist!$B$2:$B$100,0) -> 2500 | F29: =D29*E29 -> 140000 | G29: =IF(F29<20000,"Low","Good") -> Good | H29: =_xlfn.XLOOKUP(B29,Pricelist!$A$2:$A$21,Pricelist!$C$2:$C$21, 0) -> 2000 | I29: =(E29-H29)*D29 -> 28000 | J29: =100-D29 -> 44
A30: 15//7/2026 | B30: charger | C30: drink | D30: 15 | E30: =_xlfn.XLOOKUP(B30,Pricelist!$A$2:$A$100,Pricelist!$B$2:$B$100,0) -> 1700 | F30: =D30*E30 -> 25500 | G30: =IF(F30<20000,"Low","Good") -> Good | H30: =_xlfn.XLOOKUP(B30,Pricelist!$A$2:$A$21,Pricelist!$C$2:$C$21, 0) -> 1500 | I30: =(E30-H30)*D30 -> 3000 | J30: =100-D30 -> 85
A31: 16/7/2026 | B31: wine | C31: drink | D31: 8 | E31: =_xlfn.XLOOKUP(B31,Pricelist!$A$2:$A$100,Pricelist!$B$2:$B$100,0) -> 1200 | F31: =D31*E31 -> 9600 | G31: =IF(F31<20000,"Low","Good") -> Low | H31: =_xlfn.XLOOKUP(B31,Pricelist!$A$2:$A$21,Pricelist!$C$2:$C$21, 0) -> 1000 | I31: =(E31-H31)*D31 -> 1600 | J31: =100-D31 -> 92
A32: 16/7/2026 | B32: egg | C32: food | D32: 100 | E32: =_xlfn.XLOOKUP(B32,Pricelist!$A$2:$A$100,Pricelist!$B$2:$B$100,0) -> 200 | F32: =D32*E32 -> 20000 | G32: =IF(F32<20000,"Low","Good") -> Good | H32: =_xlfn.XLOOKUP(B32,Pricelist!$A$2:$A$21,Pricelist!$C$2:$C$21, 0) -> 150 | I32: =(E32-H32)*D32 -> 5000 | J32: =100-D32 -> 0
A33: 17/7/2026 | B33: milo | C33: drink | D33: 150 | E33: =_xlfn.XLOOKUP(B33,Pricelist!$A$2:$A$100,Pricelist!$B$2:$B$100,0) -> 300 | F33: =D33*E33 -> 45000 | G33: =IF(F33<20000,"Low","Good") -> Good | H33: =_xlfn.XLOOKUP(B33,Pricelist!$A$2:$A$21,Pricelist!$C$2:$C$21, 0) -> 250 | I33: =(E33-H33)*D33 -> 7500 | J33: =100-D33 -> -50
A34: 18/7/2026 | B34: biscuit | C34: food | D34: 67 | E34: =_xlfn.XLOOKUP(B34,Pricelist!$A$2:$A$100,Pricelist!$B$2:$B$100,0) -> 245 | F34: =D34*E34 -> 16415 | G34: =IF(F34<20000,"Low","Good") -> Low | H34: =_xlfn.XLOOKUP(B34,Pricelist!$A$2:$A$21,Pricelist!$C$2:$C$21, 0) -> 200 | I34: =(E34-H34)*D34 -> 3015 | J34: =100-D34 -> 33
A35: 18/7/2026 | B35: pepsi | C35: drink | D35: 15 | E35: =_xlfn.XLOOKUP(B35,Pricelist!$A$2:$A$100,Pricelist!$B$2:$B$100,0) -> 400 | F35: =D35*E35 -> 6000 | G35: =IF(F35<20000,"Low","Good") -> Low | H35: =_xlfn.XLOOKUP(B35,Pricelist!$A$2:$A$21,Pricelist!$C$2:$C$21, 0) -> 300 | I35: =(E35-H35)*D35 -> 1500 | J35: =100-D35 -> 85
A36: 18/7/2026 | B36: wine | C36: drink | D36: 3 | E36: =_xlfn.XLOOKUP(B36,Pricelist!$A$2:$A$100,Pricelist!$B$2:$B$100,0) -> 1200 | F36: =D36*E36 -> 3600 | G36: =IF(F36<20000,"Low","Good") -> Low | H36: =_xlfn.XLOOKUP(B36,Pricelist!$A$2:$A$21,Pricelist!$C$2:$C$21, 0) -> 1000 | I36: =(E36-H36)*D36 -> 600 | J36: =100-D36 -> 97
A57: Column1

Sheet Sheet2

Sheet Sales dashboard 
A1: Status | B1: (Multiple Items)
B3: Date | C3: Values
B4: 1/7/2026 | D4: 2/72026 | F4: 46088 | H4: 46119 | J4: 46149 | L4: 46180 | N4: 46210 | P4: 46241 | R4: 46272 | T4: 46302 | V4: 46333 | X4: 46363 | Z4: 13/7/2026 | AB4: 14/7/2026 | AD4: 15/7/2026 | AF4: 15//7/2026 | AH4: 16/7/2026 | AJ4: 17/7/2026 | AL4: 18/7/2026 | AN4: Total Sum of Total Rev | AO4: Total Sum of Total Profit
A5: Category | B5: Sum of Total Rev | C5: Sum of Total Profit | D5: Sum of Total Rev | E5: Sum of Total Profit | F5: Sum of Total Rev | G5: Sum of Total Profit | H5: Sum of Total Rev | I5: Sum of Total Profit | J5: Sum of Total Rev | K5: Sum of Total Profit | L5: Sum of Total Rev | M5: Sum of Total Profit | N5: Sum of Total Rev | O5: Sum of Total Profit | P5: Sum of Total Rev | Q5: Sum of Total Profit | R5: Sum of Total Rev | S5: Sum of Total Profit | T5: Sum of Total Rev | U5: Sum of Total Profit | V5: Sum of Total Rev | W5: Sum of Total Profit | X5: Sum of Total Rev | Y5: Sum of Total Profit | Z5: Sum of Total Rev | AA5: Sum of Total Profit | AB5: Sum of Total Rev | AC5: Sum of Total Profit | AD5: Sum of Total Rev | AE5: Sum of Total Profit | AF5: Sum of Total Rev | AG5: Sum of Total Profit | AH5: Sum of Total Rev | AI5: Sum of Total Profit | AJ5: Sum of Total Rev | AK5: Sum of Total Profit | AL5: Sum of Total Rev | AM5: Sum of Total Profit
A6: drink | B6: 14000 | C6: 2000 | D6: 10000 | E6: 2500 | F6: 17500 | G6: 7000 | H6: 16000 | I6: 4000 | J6: 19600 | K6: 2800 | L6: 40000 | M6: 10000 | P6: 30500 | Q6: 9500 | R6: 3000 | S6: 500 | T6: 4900 | U6: 700 | V6: 18000 | W6: 4500 | X6: 32000 | Y6: 12800 | AB6: 44500 | AC6: 17800 | AF6: 25500 | AG6: 3000 | AH6: 9600 | AI6: 1600 | AJ6: 45000 | AK6: 7500 | AN6: 330100 | AO6: 86200
A7: food | B7: 60000 | C7: 6000 | D7: 52000 | E7: 20000 | F7: 71500 | G7: 27500 | H7: 55000 | I7: 11000 | J7: 90000 | K7: 9000 | L7: 125000 | M7: 25000 | R7: 50000 | S7: 10000 | V7: 27500 | W7: 5500 | X7: 68000 | Y7: 6800 | Z7: 29900 | AA7: 11500 | AD7: 140000 | AE7: 28000 | AH7: 20000 | AI7: 5000 | AL7: 16415 | AM7: 3015 | AN7: 805315 | AO7: 168315
A8: electronics | N8: 165000 | O8: 28000 | T8: 30000 | U8: 6000 | AD8: 1350000 | AE8: 225000 | AN8: 1545000 | AO8: 259000
A9: Grand Total | B9: 74000 | C9: 8000 | D9: 62000 | E9: 22500 | F9: 89000 | G9: 34500 | H9: 71000 | I9: 15000 | J9: 109600 | K9: 11800 | L9: 165000 | M9: 35000 | N9: 165000 | O9: 28000 | P9: 30500 | Q9: 9500 | R9: 53000 | S9: 10500 | T9: 34900 | U9: 6700 | V9: 45500 | W9: 10000 | X9: 100000 | Y9: 19600 | Z9: 29900 | AA9: 11500 | AB9: 44500 | AC9: 17800 | AD9: 1490000 | AE9: 253000 | AF9: 25500 | AG9: 3000 | AH9: 29600 | AI9: 6600 | AJ9: 45000 | AK9: 7500 | AL9: 16415 | AM9: 3015 | AN9: 2680415 | AO9: 513515
